filename, language, Shell Script, Markdown, C++, Python, Makefile, CMake, JSON, C, log, CMake Cache, comment, blank, total
ReadMe.md, Markdown, 0, 1, 0, 0, 0, 0, 0, 0, 0, 0, 0, 0, 1
demo/build/CMakeCache.txt, CMake Cache, 0, 0, 0, 0, 0, 0, 0, 0, 0, 265, 0, 59, 324
demo/build/CMakeFiles/3.5.1/CMakeCCompiler.cmake, CMake, 0, 0, 0, 0, 0, 54, 0, 0, 0, 0, 0, 14, 68
demo/build/CMakeFiles/3.5.1/CMakeCXXCompiler.cmake, CMake, 0, 0, 0, 0, 0, 55, 0, 0, 0, 0, 0, 14, 69
demo/build/CMakeFiles/3.5.1/CMakeSystem.cmake, CMake, 0, 0, 0, 0, 0, 10, 0, 0, 0, 0, 0, 6, 16
demo/build/CMakeFiles/3.5.1/CompilerIdC/CMakeCCompilerId.c, C, 0, 0, 0, 0, 0, 0, 0, 402, 0, 0, 49, 94, 545
demo/build/CMakeFiles/3.5.1/CompilerIdCXX/CMakeCXXCompilerId.cpp, C++, 0, 0, 390, 0, 0, 0, 0, 0, 0, 0, 52, 92, 534
demo/build/CMakeFiles/CMakeDirectoryInformation.cmake, CMake, 0, 0, 0, 0, 0, 12, 0, 0, 0, 0, 0, 5, 17
demo/build/CMakeFiles/CMakeOutput.log, log, 0, 0, 0, 0, 0, 0, 0, 0, 498, 0, 0, 57, 555
demo/build/CMakeFiles/Makefile.cmake, CMake, 0, 0, 0, 0, 0, 46, 0, 0, 0, 0, 0, 6, 52
demo/build/CMakeFiles/feature_tests.c, C, 0, 0, 0, 0, 0, 0, 0, 31, 0, 0, 0, 4, 35
demo/build/CMakeFiles/feature_tests.cxx, C++, 0, 0, 402, 0, 0, 0, 0, 0, 0, 0, 0, 4, 406
demo/build/CMakeFiles/python_call_test.dir/DependInfo.cmake, CMake, 0, 0, 0, 0, 0, 18, 0, 0, 0, 0, 0, 4, 22
demo/build/CMakeFiles/python_call_test.dir/cmake_clean.cmake, CMake, 0, 0, 0, 0, 0, 9, 0, 0, 0, 0, 0, 2, 11
demo/build/Makefile, Makefile, 0, 0, 0, 0, 82, 0, 0, 0, 0, 0, 43, 54, 179
demo/build/cmake_install.cmake, CMake, 0, 0, 0, 0, 0, 38, 0, 0, 0, 0, 0, 7, 45
demo/build/test_python.py, Python, 0, 0, 0, 16, 0, 0, 0, 0, 0, 0, 6, 6, 28
demo/py_call_test.cpp, C++, 0, 0, 142, 0, 0, 0, 0, 0, 0, 0, 22, 5, 169
demo/test_python.py, Python, 0, 0, 0, 21, 0, 0, 0, 0, 0, 0, 1, 5, 27
my_self_1/bin/main.py, Python, 0, 0, 0, 34, 0, 0, 0, 0, 0, 0, 10, 22, 66
my_self_1/build/CMakeCache.txt, CMake Cache, 0, 0, 0, 0, 0, 0, 0, 0, 0, 265, 0, 59, 324
my_self_1/build/CMakeFiles/3.5.1/CMakeCCompiler.cmake, CMake, 0, 0, 0, 0, 0, 54, 0, 0, 0, 0, 0, 14, 68
my_self_1/build/CMakeFiles/3.5.1/CMakeCXXCompiler.cmake, CMake, 0, 0, 0, 0, 0, 55, 0, 0, 0, 0, 0, 14, 69
my_self_1/build/CMakeFiles/3.5.1/CMakeSystem.cmake, CMake, 0, 0, 0, 0, 0, 10, 0, 0, 0, 0, 0, 6, 16
my_self_1/build/CMakeFiles/3.5.1/CompilerIdC/CMakeCCompilerId.c, C, 0, 0, 0, 0, 0, 0, 0, 402, 0, 0, 49, 94, 545
my_self_1/build/CMakeFiles/3.5.1/CompilerIdCXX/CMakeCXXCompilerId.cpp, C++, 0, 0, 390, 0, 0, 0, 0, 0, 0, 0, 52, 92, 534
my_self_1/build/CMakeFiles/CMakeDirectoryInformation.cmake, CMake, 0, 0, 0, 0, 0, 12, 0, 0, 0, 0, 0, 5, 17
my_self_1/build/CMakeFiles/CMakeOutput.log, log, 0, 0, 0, 0, 0, 0, 0, 0, 498, 0, 0, 57, 555
my_self_1/build/CMakeFiles/Makefile.cmake, CMake, 0, 0, 0, 0, 0, 46, 0, 0, 0, 0, 0, 6, 52
my_self_1/build/CMakeFiles/feature_tests.c, C, 0, 0, 0, 0, 0, 0, 0, 31, 0, 0, 0, 4, 35
my_self_1/build/CMakeFiles/feature_tests.cxx, C++, 0, 0, 402, 0, 0, 0, 0, 0, 0, 0, 0, 4, 406
my_self_1/build/CMakeFiles/python_call_my_test.dir/DependInfo.cmake, CMake, 0, 0, 0, 0, 0, 18, 0, 0, 0, 0, 0, 4, 22
my_self_1/build/CMakeFiles/python_call_my_test.dir/cmake_clean.cmake, CMake, 0, 0, 0, 0, 0, 9, 0, 0, 0, 0, 0, 2, 11
my_self_1/build/Makefile, Makefile, 0, 0, 0, 0, 82, 0, 0, 0, 0, 0, 43, 54, 179
my_self_1/build/cmake_install.cmake, CMake, 0, 0, 0, 0, 0, 38, 0, 0, 0, 0, 0, 7, 45
my_self_1/build/test.py, Python, 0, 0, 0, 2, 0, 0, 0, 0, 0, 0, 2, 2, 6
my_self_1/main.cpp, C++, 0, 0, 308, 0, 0, 0, 0, 0, 0, 0, 50, 72, 430
my_self_1/main.py, Python, 0, 0, 0, 2, 0, 0, 0, 0, 0, 0, 4, 6, 12
optimized_codes/ReadMe.md, Markdown, 0, 2, 0, 0, 0, 0, 0, 0, 0, 0, 0, 2, 4
optimized_codes/build/CMakeCache.txt, CMake Cache, 0, 0, 0, 0, 0, 0, 0, 0, 0, 294, 0, 63, 357
optimized_codes/build/CMakeFiles/3.10.0/CMakeCCompiler.cmake, CMake, 0, 0, 0, 0, 0, 57, 0, 0, 0, 0, 0, 17, 74
optimized_codes/build/CMakeFiles/3.10.0/CMakeCXXCompiler.cmake, CMake, 0, 0, 0, 0, 0, 59, 0, 0, 0, 0, 0, 17, 76
optimized_codes/build/CMakeFiles/3.10.0/CMakeSystem.cmake, CMake, 0, 0, 0, 0, 0, 10, 0, 0, 0, 0, 0, 6, 16
optimized_codes/build/CMakeFiles/3.10.0/CompilerIdC/CMakeCCompilerId.c, C, 0, 0, 0, 0, 0, 0, 0, 449, 0, 0, 51, 99, 599
optimized_codes/build/CMakeFiles/3.10.0/CompilerIdCXX/CMakeCXXCompilerId.cpp, C++, 0, 0, 427, 0, 0, 0, 0, 0, 0, 0, 53, 97, 577
optimized_codes/build/CMakeFiles/CMakeDirectoryInformation.cmake, CMake, 0, 0, 0, 0, 0, 12, 0, 0, 0, 0, 0, 5, 17
optimized_codes/build/CMakeFiles/CMakeError.log, log, 0, 0, 0, 0, 0, 0, 0, 0, 48, 0, 0, 8, 56
optimized_codes/build/CMakeFiles/CMakeOutput.log, log, 0, 0, 0, 0, 0, 0, 0, 0, 580, 0, 0, 68, 648
optimized_codes/build/CMakeFiles/Makefile.cmake, CMake, 0, 0, 0, 0, 0, 58, 0, 0, 0, 0, 0, 6, 64
optimized_codes/build/CMakeFiles/feature_tests.c, C, 0, 0, 0, 0, 0, 0, 0, 31, 0, 0, 0, 4, 35
optimized_codes/build/CMakeFiles/feature_tests.cxx, C++, 0, 0, 402, 0, 0, 0, 0, 0, 0, 0, 0, 4, 406
optimized_codes/build/Makefile, Makefile, 0, 0, 0, 0, 78, 0, 0, 0, 0, 0, 48, 51, 177
optimized_codes/build/cmake_install.cmake, CMake, 0, 0, 0, 0, 0, 46, 0, 0, 0, 0, 0, 10, 56
optimized_codes/build/compile_commands.json, JSON, 0, 0, 0, 0, 0, 0, 17, 0, 0, 0, 0, 0, 17
optimized_codes/build/src/CMakeFiles/CMakeDirectoryInformation.cmake, CMake, 0, 0, 0, 0, 0, 12, 0, 0, 0, 0, 0, 5, 17
optimized_codes/build/src/CMakeFiles/tum_yolact_test.dir/DependInfo.cmake, CMake, 0, 0, 0, 0, 0, 23, 0, 0, 0, 0, 0, 4, 27
optimized_codes/build/src/CMakeFiles/tum_yolact_test.dir/cmake_clean.cmake, CMake, 0, 0, 0, 0, 0, 9, 0, 0, 0, 0, 0, 2, 11
optimized_codes/build/src/CMakeFiles/yolact.dir/DependInfo.cmake, CMake, 0, 0, 0, 0, 0, 22, 0, 0, 0, 0, 0, 4, 26
optimized_codes/build/src/CMakeFiles/yolact.dir/cmake_clean.cmake, CMake, 0, 0, 0, 0, 0, 9, 0, 0, 0, 0, 0, 2, 11
optimized_codes/build/src/CMakeFiles/yolact.dir/cmake_clean_target.cmake, CMake, 0, 0, 0, 0, 0, 3, 0, 0, 0, 0, 0, 1, 4
optimized_codes/build/src/CMakeFiles/yolact_test.dir/DependInfo.cmake, CMake, 0, 0, 0, 0, 0, 23, 0, 0, 0, 0, 0, 4, 27
optimized_codes/build/src/CMakeFiles/yolact_test.dir/cmake_clean.cmake, CMake, 0, 0, 0, 0, 0, 9, 0, 0, 0, 0, 0, 2, 11
optimized_codes/build/src/Makefile, Makefile, 0, 0, 0, 0, 138, 0, 0, 0, 0, 0, 54, 81, 273
optimized_codes/build/src/cmake_install.cmake, CMake, 0, 0, 0, 0, 0, 33, 0, 0, 0, 0, 0, 7, 40
optimized_codes/include/yolact.hpp, C++, 0, 0, 79, 0, 0, 0, 0, 0, 0, 0, 57, 36, 172
optimized_codes/run.sh, Shell Script, 1, 0, 0, 0, 0, 0, 0, 0, 0, 0, 1, 0, 2
optimized_codes/runTUM.sh, Shell Script, 1, 0, 0, 0, 0, 0, 0, 0, 0, 0, 1, 0, 2
optimized_codes/src/main.cpp, C++, 0, 0, 68, 0, 0, 0, 0, 0, 0, 0, 10, 21, 99
optimized_codes/src/tum_test.cpp, C++, 0, 0, 74, 0, 0, 0, 0, 0, 0, 0, 12, 26, 112
optimized_codes/src/yolact.cpp, C++, 0, 0, 376, 0, 0, 0, 0, 0, 0, 0, 60, 75, 511
optimized_codes/tools/DataReader.hpp, C++, 0, 0, 26, 0, 0, 0, 0, 0, 0, 0, 15, 15, 56
optimized_codes/tools/TUMRGBD_DataReader.hpp, C++, 0, 0, 232, 0, 0, 0, 0, 0, 0, 0, 38, 54, 324
test_image_transform/ReadMe.md, Markdown, 0, 16, 0, 0, 0, 0, 0, 0, 0, 0, 0, 9, 25
test_image_transform/bin/fix_cv2_sys_path.py, Python, 0, 0, 0, 4, 0, 0, 0, 0, 0, 0, 3, 6, 13
test_image_transform/bin/main.py, Python, 0, 0, 0, 12, 0, 0, 0, 0, 0, 0, 2, 13, 27
test_image_transform/bin/py_return_test.py, Python, 0, 0, 0, 2, 0, 0, 0, 0, 0, 0, 4, 9, 15
test_image_transform/build/CMakeCache.txt, CMake Cache, 0, 0, 0, 0, 0, 0, 0, 0, 0, 295, 0, 63, 358
test_image_transform/build/CMakeFiles/3.10.0/CMakeCCompiler.cmake, CMake, 0, 0, 0, 0, 0, 57, 0, 0, 0, 0, 0, 17, 74
test_image_transform/build/CMakeFiles/3.10.0/CMakeCXXCompiler.cmake, CMake, 0, 0, 0, 0, 0, 59, 0, 0, 0, 0, 0, 17, 76
test_image_transform/build/CMakeFiles/3.10.0/CMakeSystem.cmake, CMake, 0, 0, 0, 0, 0, 10, 0, 0, 0, 0, 0, 6, 16
test_image_transform/build/CMakeFiles/3.10.0/CompilerIdC/CMakeCCompilerId.c, C, 0, 0, 0, 0, 0, 0, 0, 449, 0, 0, 51, 99, 599
test_image_transform/build/CMakeFiles/3.10.0/CompilerIdCXX/CMakeCXXCompilerId.cpp, C++, 0, 0, 427, 0, 0, 0, 0, 0, 0, 0, 53, 97, 577
test_image_transform/build/CMakeFiles/CMakeDirectoryInformation.cmake, CMake, 0, 0, 0, 0, 0, 12, 0, 0, 0, 0, 0, 5, 17
test_image_transform/build/CMakeFiles/CMakeError.log, log, 0, 0, 0, 0, 0, 0, 0, 0, 48, 0, 0, 8, 56
test_image_transform/build/CMakeFiles/CMakeOutput.log, log, 0, 0, 0, 0, 0, 0, 0, 0, 580, 0, 0, 68, 648
test_image_transform/build/CMakeFiles/Makefile.cmake, CMake, 0, 0, 0, 0, 0, 137, 0, 0, 0, 0, 0, 6, 143
test_image_transform/build/CMakeFiles/feature_tests.c, C, 0, 0, 0, 0, 0, 0, 0, 31, 0, 0, 0, 4, 35
test_image_transform/build/CMakeFiles/feature_tests.cxx, C++, 0, 0, 402, 0, 0, 0, 0, 0, 0, 0, 0, 4, 406
test_image_transform/build/Makefile, Makefile, 0, 0, 0, 0, 106, 0, 0, 0, 0, 0, 64, 63, 233
test_image_transform/build/cmake_install.cmake, CMake, 0, 0, 0, 0, 0, 46, 0, 0, 0, 0, 0, 10, 56
test_image_transform/build/src/CMakeFiles/CMakeDirectoryInformation.cmake, CMake, 0, 0, 0, 0, 0, 12, 0, 0, 0, 0, 0, 5, 17
test_image_transform/build/src/CMakeFiles/image_transform_test.dir/DependInfo.cmake, CMake, 0, 0, 0, 0, 0, 20, 0, 0, 0, 0, 0, 4, 24
test_image_transform/build/src/CMakeFiles/image_transform_test.dir/cmake_clean.cmake, CMake, 0, 0, 0, 0, 0, 9, 0, 0, 0, 0, 0, 2, 11
test_image_transform/build/src/CMakeFiles/py_return_test.dir/DependInfo.cmake, CMake, 0, 0, 0, 0, 0, 20, 0, 0, 0, 0, 0, 4, 24
test_image_transform/build/src/CMakeFiles/py_return_test.dir/cmake_clean.cmake, CMake, 0, 0, 0, 0, 0, 9, 0, 0, 0, 0, 0, 2, 11
test_image_transform/build/src/CMakeFiles/yolact_cpp_lib.dir/DependInfo.cmake, CMake, 0, 0, 0, 0, 0, 20, 0, 0, 0, 0, 0, 4, 24
test_image_transform/build/src/CMakeFiles/yolact_cpp_lib.dir/cmake_clean.cmake, CMake, 0, 0, 0, 0, 0, 9, 0, 0, 0, 0, 0, 2, 11
test_image_transform/build/src/CMakeFiles/yolact_cpp_lib.dir/cmake_clean_target.cmake, CMake, 0, 0, 0, 0, 0, 3, 0, 0, 0, 0, 0, 1, 4
test_image_transform/build/src/CMakeFiles/yolact_test.dir/DependInfo.cmake, CMake, 0, 0, 0, 0, 0, 20, 0, 0, 0, 0, 0, 4, 24
test_image_transform/build/src/CMakeFiles/yolact_test.dir/cmake_clean.cmake, CMake, 0, 0, 0, 0, 0, 9, 0, 0, 0, 0, 0, 2, 11
test_image_transform/build/src/CMakeFiles/yolact_test_v2.dir/DependInfo.cmake, CMake, 0, 0, 0, 0, 0, 20, 0, 0, 0, 0, 0, 4, 24
test_image_transform/build/src/CMakeFiles/yolact_test_v2.dir/cmake_clean.cmake, CMake, 0, 0, 0, 0, 0, 9, 0, 0, 0, 0, 0, 2, 11
test_image_transform/build/src/CMakeFiles/yolact_test_v3.dir/DependInfo.cmake, CMake, 0, 0, 0, 0, 0, 20, 0, 0, 0, 0, 0, 4, 24
test_image_transform/build/src/CMakeFiles/yolact_test_v3.dir/cmake_clean.cmake, CMake, 0, 0, 0, 0, 0, 9, 0, 0, 0, 0, 0, 2, 11
test_image_transform/build/src/CMakeFiles/yolact_test_v4.dir/DependInfo.cmake, CMake, 0, 0, 0, 0, 0, 20, 0, 0, 0, 0, 0, 4, 24
test_image_transform/build/src/CMakeFiles/yolact_test_v4.dir/cmake_clean.cmake, CMake, 0, 0, 0, 0, 0, 9, 0, 0, 0, 0, 0, 2, 11
test_image_transform/build/src/Makefile, Makefile, 0, 0, 0, 0, 246, 0, 0, 0, 0, 0, 78, 133, 457
test_image_transform/build/src/cmake_install.cmake, CMake, 0, 0, 0, 0, 0, 33, 0, 0, 0, 0, 0, 7, 40
test_image_transform/include/yolact_test_v5.hpp, C++, 0, 0, 27, 0, 0, 0, 0, 0, 0, 0, 6, 9, 42
test_image_transform/src/main.cpp, C++, 0, 0, 168, 0, 0, 0, 0, 0, 0, 0, 67, 45, 280
test_image_transform/src/py_return_test.cpp, C++, 0, 0, 101, 0, 0, 0, 0, 0, 0, 0, 41, 34, 176
test_image_transform/src/yolact_test.cpp, C++, 0, 0, 180, 0, 0, 0, 0, 0, 0, 0, 68, 52, 300
test_image_transform/src/yolact_test_v2.cpp, C++, 0, 0, 252, 0, 0, 0, 0, 0, 0, 0, 74, 54, 380
test_image_transform/src/yolact_test_v3.cpp, C++, 0, 0, 312, 0, 0, 0, 0, 0, 0, 0, 188, 135, 635
test_image_transform/src/yolact_test_v4.cpp, C++, 0, 0, 314, 0, 0, 0, 0, 0, 0, 0, 92, 90, 496
test_image_transform/src/yolact_test_v5_app.cpp, C++, 0, 0, 46, 0, 0, 0, 0, 0, 0, 0, 14, 21, 81
test_image_transform/src/yolact_test_v5_lib.cpp, C++, 0, 0, 251, 0, 0, 0, 0, 0, 0, 0, 80, 71, 402
test_virtual_env/FindPythonLibs.cmake, CMake, 0, 0, 0, 0, 0, 307, 0, 0, 0, 0, 0, 45, 352
test_virtual_env/ReadMe.md, Markdown, 0, 9, 0, 0, 0, 0, 0, 0, 0, 0, 0, 4, 13
test_virtual_env/bin/main.py, Python, 0, 0, 0, 29, 0, 0, 0, 0, 0, 0, 7, 19, 55
test_virtual_env/bin/test_cv2.py, Python, 0, 0, 0, 11, 0, 0, 0, 0, 0, 0, 4, 7, 22
test_virtual_env/build/CMakeCache.txt, CMake Cache, 0, 0, 0, 0, 0, 0, 0, 0, 0, 289, 0, 61, 350
test_virtual_env/build/CMakeFiles/3.10.0/CMakeCCompiler.cmake, CMake, 0, 0, 0, 0, 0, 57, 0, 0, 0, 0, 0, 17, 74
test_virtual_env/build/CMakeFiles/3.10.0/CMakeCXXCompiler.cmake, CMake, 0, 0, 0, 0, 0, 59, 0, 0, 0, 0, 0, 17, 76
test_virtual_env/build/CMakeFiles/3.10.0/CMakeSystem.cmake, CMake, 0, 0, 0, 0, 0, 10, 0, 0, 0, 0, 0, 6, 16
test_virtual_env/build/CMakeFiles/3.10.0/CompilerIdC/CMakeCCompilerId.c, C, 0, 0, 0, 0, 0, 0, 0, 449, 0, 0, 51, 99, 599
test_virtual_env/build/CMakeFiles/3.10.0/CompilerIdCXX/CMakeCXXCompilerId.cpp, C++, 0, 0, 427, 0, 0, 0, 0, 0, 0, 0, 53, 97, 577
test_virtual_env/build/CMakeFiles/CMakeDirectoryInformation.cmake, CMake, 0, 0, 0, 0, 0, 12, 0, 0, 0, 0, 0, 5, 17
test_virtual_env/build/CMakeFiles/CMakeError.log, log, 0, 0, 0, 0, 0, 0, 0, 0, 48, 0, 0, 8, 56
test_virtual_env/build/CMakeFiles/CMakeOutput.log, log, 0, 0, 0, 0, 0, 0, 0, 0, 494, 0, 0, 63, 557
test_virtual_env/build/CMakeFiles/Makefile.cmake, CMake, 0, 0, 0, 0, 0, 50, 0, 0, 0, 0, 0, 6, 56
test_virtual_env/build/CMakeFiles/feature_tests.c, C, 0, 0, 0, 0, 0, 0, 0, 31, 0, 0, 0, 4, 35
test_virtual_env/build/CMakeFiles/feature_tests.cxx, C++, 0, 0, 402, 0, 0, 0, 0, 0, 0, 0, 0, 4, 406
test_virtual_env/build/CMakeFiles/test_pytorch_env.dir/DependInfo.cmake, CMake, 0, 0, 0, 0, 0, 18, 0, 0, 0, 0, 0, 4, 22
test_virtual_env/build/CMakeFiles/test_pytorch_env.dir/cmake_clean.cmake, CMake, 0, 0, 0, 0, 0, 9, 0, 0, 0, 0, 0, 2, 11
test_virtual_env/build/Makefile, Makefile, 0, 0, 0, 0, 82, 0, 0, 0, 0, 0, 43, 54, 179
test_virtual_env/build/cmake_install.cmake, CMake, 0, 0, 0, 0, 0, 42, 0, 0, 0, 0, 0, 8, 50
test_virtual_env/main.cpp, C++, 0, 0, 83, 0, 0, 0, 0, 0, 0, 0, 51, 30, 164
test_virtual_env/main.py, Python, 0, 0, 0, 29, 0, 0, 0, 0, 0, 0, 7, 19, 55
test_yolact_lib/ReadMe.md, Markdown, 0, 2, 0, 0, 0, 0, 0, 0, 0, 0, 0, 1, 3
test_yolact_lib/build/CMakeCache.txt, CMake Cache, 0, 0, 0, 0, 0, 0, 0, 0, 0, 293, 0, 62, 355
test_yolact_lib/build/CMakeFiles/3.10.0/CMakeCCompiler.cmake, CMake, 0, 0, 0, 0, 0, 57, 0, 0, 0, 0, 0, 17, 74
test_yolact_lib/build/CMakeFiles/3.10.0/CMakeCXXCompiler.cmake, CMake, 0, 0, 0, 0, 0, 59, 0, 0, 0, 0, 0, 17, 76
test_yolact_lib/build/CMakeFiles/3.10.0/CMakeSystem.cmake, CMake, 0, 0, 0, 0, 0, 10, 0, 0, 0, 0, 0, 6, 16
test_yolact_lib/build/CMakeFiles/3.10.0/CompilerIdC/CMakeCCompilerId.c, C, 0, 0, 0, 0, 0, 0, 0, 449, 0, 0, 51, 99, 599
test_yolact_lib/build/CMakeFiles/3.10.0/CompilerIdCXX/CMakeCXXCompilerId.cpp, C++, 0, 0, 427, 0, 0, 0, 0, 0, 0, 0, 53, 97, 577
test_yolact_lib/build/CMakeFiles/CMakeDirectoryInformation.cmake, CMake, 0, 0, 0, 0, 0, 12, 0, 0, 0, 0, 0, 5, 17
test_yolact_lib/build/CMakeFiles/CMakeError.log, log, 0, 0, 0, 0, 0, 0, 0, 0, 48, 0, 0, 8, 56
test_yolact_lib/build/CMakeFiles/CMakeOutput.log, log, 0, 0, 0, 0, 0, 0, 0, 0, 580, 0, 0, 68, 648
test_yolact_lib/build/CMakeFiles/Makefile.cmake, CMake, 0, 0, 0, 0, 0, 129, 0, 0, 0, 0, 0, 6, 135
test_yolact_lib/build/CMakeFiles/app_test.dir/DependInfo.cmake, CMake, 0, 0, 0, 0, 0, 21, 0, 0, 0, 0, 0, 4, 25
test_yolact_lib/build/CMakeFiles/app_test.dir/cmake_clean.cmake, CMake, 0, 0, 0, 0, 0, 9, 0, 0, 0, 0, 0, 2, 11
test_yolact_lib/build/CMakeFiles/feature_tests.c, C, 0, 0, 0, 0, 0, 0, 0, 31, 0, 0, 0, 4, 35
test_yolact_lib/build/CMakeFiles/feature_tests.cxx, C++, 0, 0, 402, 0, 0, 0, 0, 0, 0, 0, 0, 4, 406
test_yolact_lib/build/Makefile, Makefile, 0, 0, 0, 0, 82, 0, 0, 0, 0, 0, 43, 54, 179
test_yolact_lib/build/cmake_install.cmake, CMake, 0, 0, 0, 0, 0, 42, 0, 0, 0, 0, 0, 8, 50
test_yolact_lib/main.cpp, C++, 0, 0, 49, 0, 0, 0, 0, 0, 0, 0, 14, 22, 85
Total, -, 2, 30, 7988, 162, 896, 2344, 17, 2786, 3422, 1701, 2045, 4024, 25417